capacity,failure_rate,margin,price,prod_cost,quality,warranty,product_type_auto-portee,product_type_electrique,product_type_essence,attractiveness_pred
21.313063800841288,0.037927817978957286,613.0617618630818,768.160604890966,155.09884302788427,2,3,1,0,0,0.9110539365725221
25.79723406013452,0.038663963701407005,701.3216077151046,865.7275397711708,164.405932056066,1,3,1,0,0,0.6959197726536128
14.31408332521242,0.0431181216522151,654.1474975777737,807.3741576340544,153.22666005628074,1,3,1,0,0,0.7894577379613636
29.754389588650017,0.03855058797372652,669.0832392823254,866.5739543199292,197.49071503760385,1,3,1,0,0,0.6761893747725476
24.915115505788485,0.03882929346392417,675.3132205876365,859.2057915283638,183.89257094072744,1,3,1,0,0,0.6901218833047449
20.20228849768663,0.037941561777673966,669.1541607544888,805.1166317604848,135.9624710059959,1,3,1,0,0,0.8225977461129521
25.91785164400127,0.033390234638945616,718.8883696033963,877.7615174976632,158.87314789426682,3,3,1,0,0,0.7305173497250614
14.468300430623625,0.029200786411633657,695.5989001901152,852.9357274554151,157.3368272652997,2,3,1,0,0,0.7266997545810148
18.590439074451638,0.04026563998197258,672.4453081046313,821.4453265073417,149.00001840271037,1,3,1,0,0,0.7757903308538876
10.949484307797107,0.03840950917804065,653.0117892244605,828.7291185287163,175.71732930425563,2,3,1,0,0,0.7488160907981858
19.789083025430795,0.03601482685285643,695.8043038507769,856.3830766058452,160.57877275506814,2,3,1,0,0,0.7292043484944903
13.513242544887724,0.037196107855638,721.3670319745906,897.8875342721617,176.5205022975711,1,3,1,0,0,0.60300774639589
9.643200637167826,0.03620172621968101,717.7755844227278,913.1924575163091,195.41687309358127,1,3,1,0,0,0.5547432590533461
16.043452735395512,0.03353749541028007,648.5330694678638,843.0718904110722,194.53882094320832,2,3,1,0,0,0.717727712906993
11.556702534362454,0.03243554002251495,719.339044013787,851.1437057518292,131.8046617380424,1,3,1,0,0,0.7184928015435994
20.414898640438413,0.041533593749882775,727.9473385456184,885.2470885009667,157.29974995534818,3,3,1,0,0,0.7055740948749063
17.606996696051297,0.037898757952139615,667.7447573153395,836.551684839636,168.8069275242965,1,3,1,0,0,0.7283652494389692
16.879243861913253,0.03311446023747991,735.2151039762763,902.4279920768815,167.21288810060534,3,3,1,0,0,0.6588784742207734
18.342768508357608,0.03548372917493232,644.5610716262574,792.9224079812241,148.36133635496657,1,3,1,0,0,0.831537615668795
16.988370238322467,0.03506335642389403,611.2975159000724,760.8915481460801,149.59403224600769,2,3,1,0,0,0.9206201957249374
26.51459858586288,0.0337762983899958,648.6800803934633,791.429235974253,142.74915558078976,1,3,1,0,0,0.8588788275782622
34.10218871014892,0.04027738503189103,642.1747891247312,824.7386292740903,182.563840149359,1,3,1,0,0,0.7762302791202405
10.68702238581294,0.03320507033507287,680.7911557862668,845.5016681668834,164.71051238061668,2,3,1,0,0,0.7260045645407189
16.7448826756962,0.03285554659435809,709.3461420317363,835.3288806034757,125.98273857173922,1,3,1,0,0,0.7647340009971373
19.745615920741574,0.03611946947482781,708.6523989842206,899.7747062483896,191.12230726416908,1,3,1,0,0,0.6013560643660689
10.730358064291634,0.0406609185578536,680.55667576903,847.193592433384,166.63691666435383,3,3,1,0,0,0.7474763572842296
30.28377750862914,0.033910005979389334,711.3239386904843,899.6192540613807,188.29531537089642,1,3,1,0,0,0.6256853434267511
25.95764040805728,0.03740966348957429,618.1770132757416,766.9152178753601,148.73820459961848,1,3,1,0,0,0.9019020851739425
31.161860375033523,0.03778013643545816,665.072768465494,846.6141535025467,181.54138503705255,1,3,1,0,0,0.7290648771415564
19.242867683861178,0.03644545835865448,660.7638043965139,827.8686293782706,167.10482498175662,1,3,1,0,0,0.7498060819362566
21.973075316713814,0.04013660387512832,672.7734551638476,861.6136695982635,188.840214434416,1,3,1,0,0,0.6753620593653054
21.67164307350329,0.04319890853044018,658.1196697628322,835.365528826494,177.24585906366184,1,3,1,0,0,0.7324811473924602
32.05289125031448,0.03374267629945352,636.5382652144112,810.9887181785782,174.45045296416697,1,3,1,0,0,0.80528696157914
25.38729588442882,0.03566116061020063,649.5384424085223,818.9461868759222,169.4077444673998,1,3,1,0,0,0.7788175669264341
21.23568671653065,0.03075075073683107,680.7000082072434,872.6820606275162,191.98205242027282,2,3,1,0,0,0.6768202513287511
27.653785416756907,0.0347432425353193,607.9195379218924,764.7059779313914,156.7864400094991,1,3,1,0,0,0.9033176877220974
12.27367091979974,0.03226776563027485,629.647540235298,779.1529039646231,149.5053637293251,1,3,1,0,0,0.8436710681021795
29.784780423408453,0.038369124483250375,666.6876346948692,828.103787231538,161.41615253666913,1,3,1,0,0,0.7779850380608193
15.300222414225619,0.04055232298543724,748.3611550152947,915.5203768258436,167.1592218105491,1,3,1,0,0,0.5833502353759488
23.00331270391191,0.03481136417983303,668.4464012045572,858.0109622395167,189.5645610349594,2,3,1,0,0,0.7093980610543953
19.981183920317235,0.04095843530920319,674.5790354724885,826.1928552742622,151.61381980177387,1,3,1,0,0,0.767615539085996
12.699308542423621,0.036968611677545685,675.203460025952,867.3749721837082,192.17151215775607,1,3,1,0,0,0.6427013934960866
37.840996130911854,0.04250288173777921,636.3314547986815,812.5257513874968,176.1942965888152,1,3,1,0,0,0.8139859640374496
19.876066904381148,0.0385873542375788,720.4103741385176,904.3047506843084,183.89437654579072,1,3,1,0,0,0.5992738886351014
10.774238984380373,0.038824198226949484,635.702012268914,796.9711435527173,161.26913128380326,2,3,1,0,0,0.8221044414867205
24.63673736922859,0.03920879262239863,642.36653248366,794.9032034125221,152.5366709288621,1,3,1,0,0,0.8386582401642202
19.384524844051327,0.037267802561156735,599.9964701308329,738.4412398206531,138.44476968982002,1,3,1,0,0,0.95454938227663
16.559122491696286,0.033317102066298114,765.6777005736363,919.588020805446,153.91032023180983,3,3,1,0,0,0.6381121783699091
28.152638230590235,0.03830144364795237,715.3201296499243,912.0585809063859,196.73845125646147,1,3,1,0,0,0.5930139328716724
24.755280109476686,0.03717666262975906,658.2843923456699,802.4809979226816,144.19660557701175,1,3,1,0,0,0.831286567526343
29.28054108793904,0.035122466433901114,715.1088889921792,881.1822276423035,166.07333865012427,3,3,1,0,0,0.7255715126983961
18.59984987178158,0.035952459276237685,607.8075794377222,741.1093377085672,133.30175827084472,1,3,1,0,0,0.9517983369001877
23.553540034596423,0.03362891599666665,648.5759409006847,814.6804842887367,166.10454338805204,2,3,1,0,0,0.8130096274656491
23.767158618143448,0.03458029191547954,701.6972329904088,844.057072546291,142.35983955588222,1,3,1,0,0,0.7501333452162315
29.17202791948597,0.038096142789780484,636.3361505456587,776.0617738692143,139.72562332355554,1,3,1,0,0,0.899133596142812
7.432330321553128,0.03400212290451246,635.5482481054643,806.4815732773587,170.93332517189458,1,3,1,0,0,0.7606480407043401
22.01292227496087,0.04434127037373746,656.5589688983837,817.9916897469668,161.43272084858341,1,3,1,0,0,0.7795395726378176
35.44173011227888,0.03827178617294594,734.0050046740193,918.5065885159564,184.5015838419373,2,3,1,0,0,0.6307524210482764
23.09140522269125,0.03289847281650387,661.759807439618,855.5704028246878,193.81059538506975,3,3,1,0,0,0.7368108846023427
26.873477037909023,0.037109514275978785,689.2637087742853,837.2027320557277,147.9390232814426,2,3,1,0,0,0.7923868510880301
43.557677127403075,0.09262599203445836,252.5478674890569,357.74788013553285,105.200012646476,2,2,0,1,0,0.701740173715589
43.19736160426453,0.08241290124208278,277.22902467408414,395.8196926712423,118.59066799715816,1,2,0,1,0,0.5976898123674339
29.0446394741046,0.07952867642350625,252.2654218359017,346.70658421321417,94.44116237731257,1,2,0,1,0,0.6738840360452409
46.40907335376002,0.08421328462529593,264.58807843538546,385.27538021137366,120.68730177598823,1,2,0,1,0,0.6210212750910358
48.15145977160815,0.11106165425844276,275.65443512276147,396.6567759258866,121.00234080312514,2,2,0,1,0,0.628437811767701
38.75763998797629,0.11293113490451667,241.12494491591136,372.9675544222263,131.84260950631491,1,2,0,1,0,0.6173702180753218
34.630023151815394,0.08598425288041434,282.10809535324563,396.0268873890005,113.91879203575485,1,2,0,1,0,0.5833305748556867
37.76592547619879,0.09910218464906233,268.13051098870574,400.74811228888495,132.6176013001793,2,2,0,1,0,0.591160091284116
33.732569140010014,0.09300091610423744,263.3712232662233,374.80987704612863,111.43865377990524,1,2,0,1,0,0.6199939962019771
36.42917086101212,0.11297387764152515,241.7190221808741,354.2574855867805,112.53846340590641,1,2,0,1,0,0.6608182791047699
21.617560202277737,0.08300339666256995,260.2168675206902,364.69252309763635,104.47565557694608,1,2,0,1,0,0.6181733934376907
49.04358386616325,0.0949825975497948,199.3525621210722,318.54077541255856,119.18821329148636,1,2,0,1,0,0.7492684861914936
40.405718286368845,0.09416740001481302,252.8630981439951,381.7040801678431,128.84098202384797,3,2,0,1,0,0.6578109295024024
52.6862546788931,0.07775548224642118,310.09700013135534,395.59184888512215,85.49484875376676,1,2,0,1,0,0.6436499095918042
36.736227337507046,0.08974052067318865,260.36754084098703,379.72096172702715,119.35342088604008,1,2,0,1,0,0.6115785825068312
41.43223805275996,0.09678245263793342,222.97019326118615,361.94906832250837,138.9788750613223,1,2,0,1,0,0.6371483519462589
48.67305559787679,0.08918832051505074,250.47643398727124,386.10549809787653,135.6290641106053,1,2,0,1,0,0.6125695021336612
28.958665031043644,0.10498612196428596,252.6624808864309,372.1572161380765,119.49473525164566,3,2,0,1,0,0.6577589333949863
35.302764704374646,0.08509956756242379,277.7975022888055,403.23072553908014,125.43322325027457,3,2,0,1,0,0.6119150066850738
37.4456173268991,0.09923491127241033,279.2656295094417,417.60051661940423,138.33488710996255,3,2,0,1,0,0.5812947422784418
55.59810024984786,0.09770351676452638,257.31137998411356,360.6729443916545,103.36156440754091,1,2,0,1,0,0.6982260061079444
42.12844936631126,0.0807268842855831,234.67154948355468,352.36038194750466,117.68883246395005,1,2,0,1,0,0.6730626399276789
44.78460236907221,0.09093846957801972,264.51137801272756,393.12649821609847,128.61512020337094,1,2,0,1,0,0.5977284545875279
40.0744441429383,0.0770791695128995,258.00129440250936,347.9086373558484,89.90734295333903,1,2,0,1,0,0.6992885917066978
31.562013542143603,0.09211319416364154,276.2951411320354,380.7824134857315,104.48727235369611,2,2,0,1,0,0.6350736016084002
48.3278024875977,0.09012896551236893,250.3080468644399,381.997590443392,131.68954357895214,2,2,0,1,0,0.646861842940754
43.58052585348605,0.09999790322912187,251.87696096482034,373.0056127904968,121.12865182567649,2,2,0,1,0,0.6610230882779164
30.26573954146596,0.08845052181317699,284.07277146894404,403.95237988009484,119.8796084111508,2,2,0,1,0,0.5803225681531436
43.23463468104806,0.0949665406915871,294.0986007119704,407.15689239503024,113.05829168305979,3,2,0,1,0,0.6309329433008244
31.752517613167182,0.09825692389739793,294.35682531769874,400.5117288298421,106.1549035121434,1,2,0,1,0,0.5754463771007126
43.937504523314196,0.09367202724274268,267.51097323994304,395.3058095413279,127.79483630138486,1,2,0,1,0,0.5928001979684341
28.80247423072055,0.09751021960466176,261.25747365318415,358.3307683831498,97.07329472996565,1,2,0,1,0,0.6499558053569463
55.391480236565336,0.10082580102822043,286.84532662712064,377.6482771547535,90.80295052763286,1,2,0,1,0,0.6768799742128591
29.677606366579262,0.11253478558937093,230.5569168209853,362.3099818084829,131.75306498749757,1,2,0,1,0,0.6172485603926616
35.11880793437728,0.08521705995259242,280.0289657638844,405.3148734113162,125.28590764743187,1,2,0,1,0,0.5599749043569939
32.4387880582295,0.10310824132670357,238.6201732425406,353.0316996740085,114.41152643146792,1,2,0,1,0,0.6532690560452146
37.6984269634511,0.07528152606569752,279.11681779367547,398.68822819304535,119.57141039936995,3,2,0,1,0,0.6296400921750533
60.468516327083385,0.10690630224619622,246.41509647124317,348.03231541518164,101.61721894393837,1,2,0,1,0,0.7336294601499245
44.20606001321433,0.09492681043191203,274.1130819873815,353.31154341014525,79.19846142276377,1,2,0,1,0,0.7066874915056156
36.22065292938725,0.10249589677707356,254.61477734783696,372.18145959906167,117.56668225122476,1,2,0,1,0,0.6248049122073547
44.9837024496107,0.11078520570055224,250.94241374849904,365.625496171119,114.68308242261992,2,2,0,1,0,0.6822950091210298
39.21105517747035,0.1011763104686664,276.4943484952108,381.5858618806809,105.0915133854702,1,2,0,1,0,0.6242613756308144
39.841711826266156,0.09746431782860472,296.67890545707695,409.82925150393237,113.15034604685536,1,2,0,1,0,0.5706610709483917
33.8370590220089,0.09528345906458792,278.27611813047986,381.4866101361166,103.21049200563677,1,2,0,1,0,0.6148596771690731
34.780928926960236,0.0881484220342293,273.0578612143724,378.7496471890848,105.69178597471243,1,2,0,1,0,0.6198434990592079
42.90534921519978,0.08768212574675525,264.51059672577173,371.64599734558675,107.13540061981509,1,2,0,1,0,0.6483166762591996
40.56744125307014,0.07862528200085786,292.6907134265298,412.3417406483769,119.65102722184722,2,2,0,1,0,0.5872780295416495
35.68528437443347,0.0967282433480002,245.253892431087,339.78981111419466,94.53591868310768,1,2,0,1,0,0.700404612012731
24.922516219354787,0.08761085402349854,274.4023315099916,396.7948927136547,122.39256120366316,1,2,0,1,0,0.5560574803229374
41.648905888197795,0.08959855159142717,279.0514835289629,412.33802147994004,133.2865379509771,3,2,0,1,0,0.6030150373483587
36.97244450126314,0.07781117798510069,255.8334068088937,384.54592441954316,128.71251761064943,1,2,0,1,0,0.5967584604046741
32.26470990409102,0.09770348316095494,253.4682843891006,369.2357991393992,115.76751475029852,3,2,0,1,0,0.6732345486130755
37.20536771172614,0.10547999397164104,272.75937301722183,376.6191613196232,103.85978830240131,1,2,0,1,0,0.629678560558347
36.07192771305136,0.10248619396972757,259.66260704319245,389.67114328067316,130.00853623748068,1,2,0,1,0,0.5845658457265053
37.55098527524361,0.09396176274919807,286.3948200853836,398.8895519702134,112.49473188482985,2,2,0,1,0,0.6094942941706414
54.79855096761535,0.1059042561655152,244.6722232898113,349.9353319396317,105.26310864982024,1,2,0,1,0,0.7145447044297977
28.405088007911967,0.08757589764850927,266.38564943910137,401.31801971628784,134.93237027718638,1,2,0,1,0,0.5460734058650649
36.030890627378014,0.09767797037715292,263.4285879037264,372.659540296736,109.23095239300959,1,2,0,1,0,0.6301821225075799
57.210665972560165,0.0966900586922636,237.13278938509794,356.9798788171677,119.84708943206977,1,2,0,1,0,0.6951255277781305
39.55526257695223,0.1036032136947522,250.55037919734247,359.90576882434664,109.35538962700409,1,2,0,1,0,0.6600855286359091
51.23175551430102,0.09941417598637237,258.37121417089816,387.29171259102793,128.92049842012975,1,2,0,1,0,0.6207745523825774
42.3141003533669,0.10140922679285364,246.22499824077968,362.1478376875624,115.92283944678269,1,2,0,1,0,0.6567622109378488
51.1979676229279,0.08794680618691987,278.523020249444,406.2824105401267,127.75939029068266,2,2,0,1,0,0.61316737792602
46.426945537786686,0.09131990880355602,262.2196327055205,383.3344653382106,121.11483263269,1,2,0,1,0,0.6239718657035191
47.04972397646844,0.10410897974083616,300.2686666185738,403.2056664606634,102.93699984208959,2,2,0,1,0,0.6288648266955836
45.64004891861389,0.10051740945359744,279.27174018035805,383.67702132242266,104.4052811420646,1,2,0,1,0,0.6345701184355994
35.042011797508785,0.10354625165163793,302.8588893210438,420.178529046866,117.31963972582216,3,2,0,1,0,0.5878625675010365
35.92149638573397,0.0974831948801812,276.8298128573313,384.33830689264295,107.50849403531164,3,2,0,1,0,0.6604321983561074
33.15748215686685,0.11383827892274505,275.96180821572483,389.01663173892143,113.0548235231966,2,2,0,1,0,0.6167476123864282
37.40780146095523,0.09535823140715044,273.4452907106913,389.44881812100937,116.00352741031813,3,2,0,1,0,0.6477530510206075
49.537760727945646,0.10167058982919117,278.6117576080478,406.72268976156164,128.1109321535138,3,2,0,1,0,0.6329672071070407
52.40972081637752,0.0833681848574522,271.8846538886485,385.13881941375837,113.25416552510993,1,2,0,1,0,0.6396477439021071
38.13384546577973,0.06956357216717958,256.20775177893523,352.22937880544214,96.02162702650686,1,2,0,1,0,0.6823937587300855
45.78221279218587,0.10519199260597528,278.23760676458824,413.5732671286318,135.3356603640436,3,2,0,1,0,0.6074587922029808
40.35524990153056,0.0979196020045508,256.3326474496096,356.11924723565727,99.78659978604773,2,2,0,1,0,0.7020370151705435
40.1389024124825,0.10316917797574217,271.40681108660016,385.8392287867808,114.43241770018071,1,2,0,1,0,0.6114515486562841
44.08104409507724,0.10305631288939207,262.45070967955314,373.571160228512,111.12045054895871,1,2,0,1,0,0.6438738478614956
62.3751357420697,0.08941394476825906,304.00056486460323,419.36077975865214,115.36021489404884,3,2,0,1,0,0.647876475209755
43.04739205135668,0.08393463357269558,271.73283001102936,382.0675367658045,110.33470675477508,3,2,0,1,0,0.6778489793839437
46.52596507122418,0.0912207592473203,238.4697385194341,341.35972994678133,102.8899914273472,1,2,0,1,0,0.7145496944617444
38.24693555776528,0.09406656602344868,259.11477949140567,378.12364252224836,119.00886303084272,1,2,0,1,0,0.6176683939069829
36.476728091950996,0.09718034285666097,296.76212225128717,406.38098166314626,109.61885941185908,3,2,0,1,0,0.6208286604688116
41.818232464362495,0.09562028413239852,242.08807626622416,340.23288580884963,98.14480954262548,1,2,0,1,0,0.7100835920908226
32.7176720075238,0.09379485239276612,252.69393304668785,388.4261721012806,135.73223905459275,1,2,0,1,0,0.5757458431238256
34.84923564727833,0.09867604885791577,287.30188345397204,393.5834114979405,106.28152804396849,2,2,0,1,0,0.6178640997203835
35.318981435593756,0.09550616440585953,272.0524845082849,388.668756496974,116.61627198868908,1,2,0,1,0,0.5951189314143943
45.75938882936462,0.09592214623763266,234.8176742221548,353.0986517215269,118.28097749937211,1,2,0,1,0,0.6787027631152236
30.104740630076627,0.09256673919677524,245.20114946598233,382.3557892309673,137.15463976498503,2,2,0,1,0,0.603907653007485
23.658795302099925,0.09122378889586172,266.89428228158766,368.50451057485634,101.61022829326876,3,2,0,1,0,0.6675994184608149
35.42703743615879,0.08832702371946878,242.29099506941486,349.9469751681265,107.65598009871157,1,2,0,1,0,0.670916188151363
39.9156815646611,0.0822390752161356,273.7005126115939,396.0728750140463,122.37236240245235,1,2,0,1,0,0.5876614790928321
38.09807674839456,0.0923318561722286,244.2748161567197,364.9006148461991,120.62579868947931,1,2,0,1,0,0.6394286521889965
45.26719793722689,0.1168073944273437,294.41612713273264,404.6378837481518,110.2217566154191,2,2,0,1,0,0.6166821915890146
39.73040978806133,0.09061834945003798,272.54706434438356,374.1976735056147,101.65060916123112,1,2,0,1,0,0.6413337930600183
30.787675136263328,0.09589275696698564,240.2325535950819,358.9032495658272,118.67069597074527,1,2,0,1,0,0.636143411313999
48.836983454123676,0.08550437247063758,244.21953156245152,387.38917840185167,143.16964683940014,1,2,0,1,0,0.6049388409538088
52.67357456753634,0.09834329570461453,286.7330889591365,400.01952872372567,113.28643976458912,1,2,0,1,0,0.6136497037529596
48.84965201618839,0.10678945099932056,298.0350117956208,402.9054325331032,104.87042073748236,1,2,0,1,0,0.6070299401873649
29.43343550607516,0.11497972155895987,287.09596638576943,376.0838914318163,88.98792504604685,3,2,0,1,0,0.6758478682779145
41.781888875304354,0.0863740705417542,261.0987987041708,364.00833969941965,102.90954099524876,1,2,0,1,0,0.6629943477505564
44.11417534540418,0.0961952762796008,274.90859367856893,382.8292678071991,107.92067412863024,1,2,0,1,0,0.6302168170103366
46.57767908359127,0.10479092596430516,260.37892073852765,360.2977088585431,99.9187881200154,1,2,0,1,0,0.6819708589774787
49.11389828308916,0.10932619401485308,250.3108091142404,377.97318985400426,127.66238073976395,1,2,0,1,0,0.6335115728294334
29.43318740489325,0.11546663427816355,257.16911990969487,371.21419128476373,114.04507137506883,1,2,0,1,0,0.6148333298927353
44.740389421832816,0.10885349418718834,262.16101609387937,375.875398398321,113.71438230444166,1,2,0,1,0,0.6389968022378449
44.01670186789241,0.09202027458773833,250.3628993984242,362.79246157636254,112.4295621779383,1,2,0,1,0,0.6622281088605875
25.27002922849071,0.0999007545928267,278.152302810712,384.40324412154905,106.25094131083708,3,2,0,1,0,0.6387073128813534
34.61045247018467,0.11146057009114853,241.04327223738025,329.07829194073713,88.03501970335684,1,2,0,1,0,0.7228617624289768
35.99592096052166,0.09460717395226537,257.4240111084433,380.40703910728325,122.98302799884,2,2,0,1,0,0.6304878808854
49.48706677295385,0.1008743550993162,263.67057752000824,379.3034352406136,115.63285772060533,1,2,0,1,0,0.6415791208689823
51.83296671478717,0.0926396152718795,246.3007612675217,363.901168448216,117.60040718069422,1,2,0,1,0,0.6728052898577574
55.83604102777057,0.08374876144583893,273.38210658918746,380.52210504776497,107.13999845857758,1,2,0,1,0,0.6599701949221048
44.28090046923121,0.10721370612531314,267.7604199836244,378.63195046797273,110.87153048434836,1,2,0,1,0,0.6354187850361162
34.431441539785425,0.0955721203973013,229.6337305660676,361.9069714426538,132.27324087658621,1,2,0,1,0,0.6278331751038968
46.22218324979181,0.10174255941112023,286.9255503973746,405.0688782432178,118.14332784584309,1,2,0,1,0,0.5878492322720423
43.42194655129406,0.08870334491771757,285.5155374975116,389.2486680011775,103.733130503666,1,2,0,1,0,0.6209184375948082
19.11621230629786,0.09179129196636586,259.25487567638504,370.03222120514226,110.77734552875721,1,2,0,1,0,0.5986620879022686
39.580722876346044,0.10005586966393913,254.15554258774688,375.61707337156196,121.46153078381506,1,2,0,1,0,0.6227941170380755
36.33253765893684,0.08747028304918547,266.53193213632494,393.4400054706172,126.90807333429228,1,2,0,1,0,0.5813262489704736
53.997468072591964,0.09879033830742663,265.60193240475394,381.44012381400285,115.83819140924896,2,2,0,1,0,0.672353529391017
47.815668194803656,0.09876389281644822,282.86875921589007,397.6585513289394,114.78979211304932,1,2,0,1,0,0.6065538206608472
38.829114701541975,0.10482644700273816,278.8546992704972,388.34499440095396,109.49029513045684,1,2,0,1,0,0.6081602528145942
39.668266079413335,0.09506806989583802,257.77547142893377,363.8596081032363,106.08413667430256,1,2,0,1,0,0.6560324946884133
42.896785948382416,0.09067826451476277,274.711277903018,416.63867313847055,141.92739523545256,1,2,0,1,0,0.5439512606349841
46.5555299494017,0.10092481768838196,230.44133269360768,338.39150102150205,107.9501683278943,1,2,0,1,0,0.7157280081537756
30.488376435315555,0.11334002993149693,310.04399871260176,421.0903423086501,111.04634359604836,1,2,0,1,0,0.5343382134200572
34.01418392320307,0.10228620831938842,255.8110082562711,368.82840122985465,113.01739297358351,2,2,0,1,0,0.6545577653433661
41.811782218959024,0.10579769850898507,257.07603996091353,361.51357554132426,104.43753558041081,1,2,0,1,0,0.6658801827821521
32.958906998270606,0.08569260130864714,244.9433525522385,362.3896167024935,117.44626415025502,1,2,0,1,0,0.6357249975295247
38.03836483009388,0.1074632360467774,294.45216093251577,401.7242689539872,107.2721080214715,1,2,0,1,0,0.5850719519268517
35.91069947152981,0.08456003002278951,276.02430238824604,400.06884507307535,124.04454268482921,1,2,0,1,0,0.5713976748469012
47.56996812315886,0.10982007882933932,274.36337867760744,393.1509420488866,118.78756337127926,1,2,0,1,0,0.6105585992917784
40.37519388520408,0.11609358085373472,252.9213089371256,371.4956010149362,118.57429207781055,1,2,0,1,0,0.6336042335741103
45.78925126081123,0.0977077671328252,283.5758285257816,413.5894554072303,130.01362688144872,1,2,0,1,0,0.5635690294780178
50.035099086008785,0.09746767084893394,266.8155813555577,398.87000878977346,132.05442743421585,1,2,0,1,0,0.5957878496162141
32.38389456367697,0.09337588590975204,214.69212275077683,319.83657020331395,105.14444745253714,1,2,0,1,0,0.7214610414702136
43.63466044392454,0.1050617929802593,252.00760370053644,353.033479176844,101.0258754763076,1,2,0,1,0,0.6879467976011344
35.63612908962663,0.08325588478558595,274.39733135940537,392.77201418755516,118.37468282814986,2,2,0,1,0,0.6118935884897925
45.36981101468158,0.06406630171616705,201.50515843383343,314.6993859952139,113.19422756138049,1,2,0,1,0,0.7540784847153479
37.58166971435581,0.0930511153243101,248.8893639406593,384.2427822464225,135.35341830576314,2,2,0,1,0,0.6174553027443943
41.43580666174702,0.10608017881867936,271.40240909949557,381.6149133919624,110.21250429246685,1,2,0,1,0,0.6247478971248566
42.05640337800804,0.08826813904960587,256.81597719615957,377.37812088513715,120.56214368897751,1,2,0,1,0,0.6258276309982582
37.08239947764445,0.10412922419988492,255.43034816939837,377.0555909032287,121.62524273383032,2,2,0,1,0,0.6395431442099802
38.443045335212666,0.11489866684182615,279.9650196500502,396.38956325232107,116.42454360227093,2,2,0,1,0,0.6121892308025971
38.74695474458513,0.10608445126155168,263.16384519979044,356.22368224635846,93.05983704656805,1,2,0,1,0,0.6779877448859761
23.82705520774795,0.09172568244899644,291.06997520543325,418.9617234882992,127.89174828286592,3,2,0,1,0,0.5595652784516123
37.788879892405774,0.0900975304685634,293.31925486447466,408.24498549360544,114.92573062913073,1,2,0,1,0,0.56804106149966
31.71770083579565,0.104645031945846,263.03684320757947,391.4588410260401,128.42199781846062,3,2,0,1,0,0.6223098952724746
29.53013423773559,0.09215746264691613,270.55727693094434,389.90686387475154,119.34958694380713,2,2,0,1,0,0.6033280772305556
38.94933610846933,0.10309439406715767,297.60104194960275,418.37147615483633,120.77043420523366,3,2,0,1,0,0.59633347069394
55.99387415786008,0.08522040627821123,273.14778184103614,398.2283361388189,125.0805542977828,1,2,0,1,0,0.6148205784740919
46.11239919564991,0.09852207914476632,253.31082461026557,351.6416811244619,98.33085651419636,1,2,0,1,0,0.6982219394028415
39.2923749829214,0.10594477271767276,286.9171609811882,379.52158136873,92.6044203875418,1,2,0,1,0,0.6377325022789542
30.7563351620292,0.08990816260069782,264.99303032567724,369.6933182850836,104.70028795940635,1,2,0,1,0,0.6280980347108867
41.373630110258105,0.09275075060716012,245.20608559244064,384.68132151530267,139.475235922862,1,2,0,1,0,0.5969694916253165
36.58504159233402,0.09493452435196002,263.6063490252485,372.8197615887476,109.213412563499,1,2,0,1,0,0.6311351750323861
40.801484961253344,0.09025119747510847,268.8046852471041,394.7799276403438,125.97524239323968,3,2,0,1,0,0.6376949582443225
41.78457139441761,0.10212897715916427,250.5256768720044,373.5743532077482,123.04867633574385,1,2,0,1,0,0.6297024122630799
36.74322769338961,0.0829098391481547,214.99437832230208,340.88738721687116,125.89300889456905,1,2,0,1,0,0.6756330847525056
27.484067767883506,0.08927507838142561,290.3385119437096,383.30277561220316,92.9642636684936,2,2,0,1,0,0.6311636361459465
44.38274504192393,0.08518816251086947,255.3944311486525,359.2760297356241,103.8815985869715,1,2,0,1,0,0.6763640299388549
39.914110360585106,0.09655296503931607,235.4256142667835,353.48606580209656,118.06045153531305,1,2,0,1,0,0.6656205628223812
26.688969203921925,0.0904441912756413,227.9543405035542,362.8902953159945,134.9359548124403,1,2,0,1,0,0.6080854891749363
28.46693861099244,0.11029252653730748,240.00628016749832,362.517709615596,122.51142944809769,1,2,0,1,0,0.6215964767556239
50.12551060388694,0.10488793265322544,234.49492328926624,355.90495686583864,121.4100335765724,1,2,0,1,0,0.6802847482821961
33.19869636453093,0.10837612500163916,250.2602892303697,370.0029605794672,119.74267134909759,1,2,0,1,0,0.6205097616169892
28.04470815047216,0.1037323912145506,260.5799779333974,355.51265907010315,94.93268113670568,1,2,0,1,0,0.6549395809348333
47.889541361574345,0.09363187474655256,222.90965615841708,337.4406177194781,114.53096156106103,1,2,0,1,0,0.7151897343717046
39.648426680003325,0.08821742583399975,292.76825938349924,384.48257175840286,91.71431237490368,1,2,0,1,0,0.6308098236134279
34.80255007541023,0.0938779791965404,262.6940745262412,370.07673566430697,107.3826611380658,1,2,0,1,0,0.633702121835902
31.827561937533805,0.09864321606453752,250.4056467338181,349.33714947154084,98.93150273772278,1,2,0,1,0,0.6710510430804675
50.29004435144191,0.08297229737989167,269.6784232496317,400.2056606271486,130.52723737751697,2,2,0,1,0,0.6198765308197827
29.108197980460318,0.09474985213885843,240.24069994468442,346.55787684432914,106.31717689964474,1,2,0,1,0,0.6644283506024327
25.88746265503739,0.08952326988936815,261.5430969991361,370.0037031626934,108.46060616355732,3,2,0,1,0,0.6642289015219986
50.693562551982545,0.09708104246550224,243.29569535580362,358.27981730124293,114.98412194543926,2,2,0,1,0,0.7082670163724103
47.763361634948254,0.07575731718987004,272.8257457281287,417.90203134537086,145.07628561724218,2,2,0,1,0,0.5731612450875785
30.774350487692672,0.09751476050627343,264.81648706374483,371.7016847523391,106.8851976885943,2,2,0,1,0,0.6475264279436697
47.57926619398435,0.11617294242823065,246.2504536832444,387.79628469494463,141.54583101170024,1,2,0,1,0,0.6022081851976757
44.3606432340172,0.09759481881399401,296.30851556131836,407.3596630470896,111.05114748577115,1,2,0,1,0,0.5856149596648199
42.62690506501679,0.10330283241800577,254.4945583855512,357.83810503902345,103.34354665347223,1,2,0,1,0,0.6752042548366557
51.499404873245155,0.10064979766327024,245.51120383247456,362.5013529255897,116.99014909311514,1,2,0,1,0,0.6749265954222563
38.298356645863954,0.10798741522370928,287.46103435911516,415.6183428622438,128.15730850312866,2,2,0,1,0,0.5700002614535018
56.171810721731255,0.07971255537114835,296.291581829693,403.8669457713694,107.57536394167644,1,2,0,1,0,0.6190252146346984
25.922917560310612,0.10773477474479223,293.3658655644216,400.36422974138526,106.99836417696365,1,2,0,1,0,0.5631146169980845
33.890900261131826,0.09593839117480434,222.6644867015289,351.8748836550253,129.21039695349646,1,2,0,1,0,0.6468629765158098
67.03032072442151,0.2494811066369456,53.401612090562715,64.63590630249685,11.234294211934138,2,1,0,0,1,0.6727268945512643
45.06375132009242,0.2073878925637992,62.77191953679315,75.00695017479926,12.23503063800612,1,1,0,0,1,0.584052094472818
78.25157478500894,0.2661990851830627,69.05661170883464,82.95132003553506,13.89470832670043,3,1,0,0,1,0.6865749501420133
64.01483759061834,0.2374582905200055,62.36559008871697,73.18460450889503,10.819014420178055,1,1,0,0,1,0.6266755648106666
54.187417835622476,0.21817413457219811,58.555816223768204,71.20438068384769,12.648564460079491,2,1,0,0,1,0.6333377655300598
86.19361136377229,0.22383889845988109,63.965054240076725,73.89088693605349,9.92583269597677,2,1,0,0,1,0.6989678973063045
68.60982049447934,0.2388874894230156,57.66977450261236,69.07204856947958,11.402274066867216,1,1,0,0,1,0.6430996953981665
68.41619669099039,0.2616528540144506,60.09810018297611,72.56446949860056,12.466369315624444,1,1,0,0,1,0.6351436667717487
40.94607390248037,0.16818328747820846,66.83456608486671,76.60378855643069,9.769222471563973,1,1,0,0,1,0.5757052639928382
50.6530065961461,0.21819016937425928,69.37716687643517,81.11445725163027,11.7372903751951,2,1,0,0,1,0.6093110742476737
75.43789609742542,0.2255759068939683,66.21098220724424,78.46077638112374,12.24979417387949,3,1,0,0,1,0.690968226953216
62.483169912415235,0.19881188037564468,66.27516129647152,77.8549837734978,11.579822477026301,1,1,0,0,1,0.6155797363421243
58.03586539221882,0.20224555479474424,53.183789211246186,63.969203948392725,10.785414737146537,1,1,0,0,1,0.6312406266451778
53.22185149890864,0.176054151091655,63.81484950552082,76.69096276290423,12.876113257383409,3,1,0,0,1,0.6472290853297078
49.24501163238423,0.21266425806822814,62.86642977618516,72.68933225155173,9.822902475366574,2,1,0,0,1,0.6227274476384979
64.00864908515547,0.23726058447289455,62.23202816695975,74.11472851167272,11.882700344712974,3,1,0,0,1,0.674221815489493
61.24073814524797,0.211469752481172,69.78929762216761,80.24423594863255,10.454938326464926,1,1,0,0,1,0.6094265932997402
66.46013336858223,0.2197455782852268,65.19189186134976,78.98212268788788,13.7902308265381,2,1,0,0,1,0.644427842435285
45.83101614604981,0.2489893677185512,62.0741141433103,72.41533028733144,10.341216144021127,1,1,0,0,1,0.5905871119798125
59.55743450087683,0.20039061306730252,62.75732934645367,73.33256244716968,10.575233100715998,1,1,0,0,1,0.6181623724238068
66.22486004097311,0.24477082697606836,63.16091685618789,74.7310025951715,11.570085738983616,1,1,0,0,1,0.6278167775836796
71.72954683132052,0.22249655973516227,63.7446986730026,73.45225626362344,9.707557590620835,1,1,0,0,1,0.6436030502080086
59.555419162059714,0.23089222901825598,65.55148158200173,76.06324073897113,10.511759156969383,1,1,0,0,1,0.6127491275035128
48.919469601007386,0.23325657854278176,64.32261773961952,78.18925545610642,13.86663771648691,1,1,0,0,1,0.584627056297981
78.13056561844279,0.2707657943043082,62.482887135351454,71.57153886216523,9.088651726813787,1,1,0,0,1,0.6599118798565002
55.085187889985654,0.25167974732609216,65.96066611979458,75.79355987385235,9.832893754057764,1,1,0,0,1,0.6040492924527454
61.30446683127513,0.2109175462942373,63.710193479852144,75.358465287733,11.648271807880864,2,1,0,0,1,0.6418870149772196
49.89334045320234,0.2135464806005785,61.75022380320548,74.03013772980388,12.279913926598391,1,1,0,0,1,0.5954144513704953
76.23975290699738,0.23512448817537435,64.34197919766927,75.92704632126762,11.585067123598357,1,1,0,0,1,0.6469506555085853
67.61768169992618,0.22342556776946013,65.72613637058836,74.47225556990631,8.746119199317953,1,1,0,0,1,0.6338817962629544
53.59430101811968,0.2442146277129278,64.56413683850329,75.2290855967145,10.664948758211192,1,1,0,0,1,0.6014884887172234
66.55680617861114,0.23408349239634024,55.544551456295515,66.30318793755235,10.758636481256818,1,1,0,0,1,0.6443096945264335
39.28161748565503,0.22569940753443996,62.598540626044134,73.49974280381572,10.901202177771594,1,1,0,0,1,0.5755128838624601
46.7870659797611,0.23991827693717924,60.57014540499843,73.99393262692823,13.42378722192981,1,1,0,0,1,0.5876746602189094
59.619407771104406,0.23055772026104526,65.54149311729128,75.59132288858824,10.049829771296947,1,1,0,0,1,0.6140702071377362
39.16831414391703,0.23361551947273065,59.82710595011052,70.55353231903558,10.726426368925065,1,1,0,0,1,0.5802706683736534
51.36825225231794,0.200808325138228,62.224929096524114,72.30124238618724,10.076313289663107,2,1,0,0,1,0.6279093520994636
57.20735897594253,0.18986974016749786,69.78004050282438,81.87395490299775,12.093914400173373,3,1,0,0,1,0.6467195870233284
47.43194754445944,0.21124491538854376,57.29836808130434,67.84158490059461,10.543216819290274,1,1,0,0,1,0.602450898083456
64.11150049843867,0.22461338669509934,62.463614905317456,72.57586641240304,10.112251507085585,1,1,0,0,1,0.6287922740508276
79.3480695379897,0.2597613159704619,63.33091553699419,72.64894322493302,9.318027687938828,1,1,0,0,1,0.6606427689078933
55.822590681920154,0.22304321304814606,68.4003283589901,79.88884670703172,11.488518348041625,2,1,0,0,1,0.6222564166578926
51.110417459793574,0.20894204746701334,55.80997748176434,65.73378160988156,9.923804128117226,1,1,0,0,1,0.6142399991975684
69.94047991321308,0.21226898201376665,61.88390554201904,71.45012558996625,9.566220047947196,1,1,0,0,1,0.6437347007309575
58.28702848520791,0.21954313265058295,63.002867810122574,75.86625635176611,12.863388541643538,2,1,0,0,1,0.6334945859927665
47.70041092815739,0.2117757580682943,61.54151729352278,72.45438557519778,10.912868281675,1,1,0,0,1,0.5947295229228315
59.07795690654992,0.2414322440898155,64.11223490713904,76.09982328306306,11.987588375924027,2,1,0,0,1,0.6349286316276113
46.62184796894015,0.2616813346539357,57.373254567145175,66.94869528505653,9.57544071791136,2,1,0,0,1,0.6264309217663564
56.567385141640976,0.20994149742379034,65.96069922547011,76.80194471285832,10.84124548738819,1,1,0,0,1,0.6055080920207667
47.83842634286847,0.22208839863072527,61.2540574132394,73.4816954656472,12.227638052407794,1,1,0,0,1,0.5920074989274826
87.14291199736435,0.2057271758258668,63.19299121936903,77.7522525350152,14.559261315646177,1,1,0,0,1,0.6651688292245075
58.651800254255754,0.2339124845760121,56.45001570128906,68.08963457136579,11.639618870076749,1,1,0,0,1,0.6238879723205304
72.40914246286826,0.19266845765692686,61.644739720745925,73.56725110087719,11.922511380131256,2,1,0,0,1,0.6688879911873571
35.32311958618635,0.2462819164993625,58.51353813796382,70.20027513398618,11.686736996022358,1,1,0,0,1,0.5720911379754872
49.77560308703869,0.2015807937182917,56.419719705665464,67.50322868321726,11.083508977551789,1,1,0,0,1,0.6076660523037414
53.38668099853549,0.2263118946809037,66.08325186448283,77.01143330184897,10.928181437366138,1,1,0,0,1,0.5981745373764975
65.31264051283864,0.2303002986106599,66.23008481972299,77.03174412285465,10.801659303131654,2,1,0,0,1,0.6475939124204495
51.655980580687206,0.22275627065554784,60.98034795989378,71.05321801394045,10.072870054046671,1,1,0,0,1,0.6056780261063042
44.0538675948586,0.22179763589446666,59.290399291645095,70.12092136859694,10.830522076951844,1,1,0,0,1,0.5911365837564848
44.69911666061433,0.20908221984791428,64.20537036998576,75.3947402979269,11.189369927941144,1,1,0,0,1,0.5834034397123469
50.12892007200122,0.17613273671273427,68.40512112322304,80.11028145902594,11.705160335802894,2,1,0,0,1,0.6109451283526481
50.8078540514169,0.2126169553079165,63.128043459643344,74.0583990633228,10.93035560367946,1,1,0,0,1,0.5982939158064231
52.53468484924112,0.2115668010153959,60.62523272107472,71.34003319752587,10.714800476451144,1,1,0,0,1,0.6067467828733994
70.59063358596603,0.24272360274467494,61.36707533350098,73.1747433392991,11.807668005798115,1,1,0,0,1,0.6395807203161665
62.955874402975766,0.25011635858926085,63.0631314482394,73.69434471086889,10.631213262629489,1,1,0,0,1,0.623430899635266
49.7474892942296,0.1864518479462369,67.42620068630914,80.20909788237195,12.78289719606282,3,1,0,0,1,0.6335079993387784
66.11090034566753,0.2350768643843633,62.44103169148652,73.3359420632329,10.89491037174639,2,1,0,0,1,0.6557054676642051
60.78622216861335,0.20050389445985656,63.415132436314174,74.71320346082372,11.298071024509552,1,1,0,0,1,0.617733906811265
56.99100238905643,0.2063024736529764,58.96874843892218,71.41646141085688,12.4477129719347,3,1,0,0,1,0.6643282374073216
40.584536087178186,0.21082653076599184,56.227129306853314,68.02867377191882,11.801544465065506,1,1,0,0,1,0.5871607554753533
67.57987515767988,0.2282809653314715,66.21408560360939,79.76008083721891,13.54599523360951,3,1,0,0,1,0.6705484224953626
64.23054490295503,0.23057261966003265,64.81265847787077,75.03142128364155,10.218762805770758,1,1,0,0,1,0.6245017591502029
60.344506570744066,0.1975608448846278,62.565379727441794,73.24244327476463,10.677063547322824,2,1,0,0,1,0.6446952077921884
46.85016546719504,0.2338828799041895,67.56083125989112,79.11393076771475,11.553099507823633,3,1,0,0,1,0.6292593533199262
71.08462379655249,0.2101564164925057,66.6604970996178,76.59653829690383,9.936041197286029,1,1,0,0,1,0.6367688161128104
58.91873912998028,0.24562600352073136,58.46368867727812,68.03331952970873,9.569630852430617,2,1,0,0,1,0.6507373986184797
50.32486444552474,0.20573027089502996,71.90377885703343,82.70690345941331,10.803124602379864,3,1,0,0,1,0.631418228325634
52.63781308490776,0.203062354804996,63.178034718528274,74.75367951026654,11.575644791738277,2,1,0,0,1,0.6250237892487338
59.50850392700971,0.2523603230032029,57.3529472678762,68.3630714314436,11.010124163567408,1,1,0,0,1,0.625266593276663
65.58155915556225,0.2280488069154384,64.95652385386606,77.00236536307683,12.045841509210785,1,1,0,0,1,0.6224896466743308
65.18462268366413,0.1867828512341495,68.3115628320823,78.89246601571914,10.580903183636838,1,1,0,0,1,0.6204193890022331
68.69105608790487,0.2440052951373438,58.91585555367603,69.79272410717614,10.876868553500108,1,1,0,0,1,0.642287122569585
39.451850894928064,0.2396001578042289,60.7378504964202,71.43238200389291,10.694531507472712,2,1,0,0,1,0.6033689723422626
69.79834280478839,0.2263758410262469,70.44311872265652,84.41609331538899,13.972974592732454,3,1,0,0,1,0.6665973615822618
61.23454060171372,0.21901098341334094,57.902356402850636,68.80128733069961,10.89893092784899,2,1,0,0,1,0.6538343777297322
62.37145693508436,0.2048544232807785,63.7669481002707,76.312857631784,12.5459095315133,1,1,0,0,1,0.6171595674012718
58.515525498540725,0.1961410081548137,64.29680966947203,76.25094983344421,11.954140163972173,3,1,0,0,1,0.65951680459414
77.59817391126387,0.20497136932006504,62.00707516618287,73.03701954522221,11.029944379039344,3,1,0,0,1,0.7071287427828077
64.69559645393963,0.20840293799634454,67.48994164904343,79.25076036176141,11.760818712717953,1,1,0,0,1,0.6173724036197195
63.80021875019823,0.2618855428506006,60.57679636881444,71.33642864569137,10.759632276876935,1,1,0,0,1,0.6289742912867744
59.60165401659834,0.2128784649940332,60.900225871407955,72.35956399682091,11.459338125412948,1,1,0,0,1,0.6189901035730381
68.89781364085222,0.223313190881334,71.16510136051149,82.36869085477439,11.203589494262886,3,1,0,0,1,0.6706519704872536
59.7006655136553,0.2270325275595877,65.28150018412272,75.47808236470264,10.196582180579922,1,1,0,0,1,0.6144019304582617
54.42605951604861,0.2376365586093585,58.72423057620772,71.94180648708121,13.217575910873494,1,1,0,0,1,0.6070889675833953
61.19558575160393,0.20484838355194349,69.81302585009058,80.67755684549734,10.864530995406769,2,1,0,0,1,0.6329902227670874
86.03277560721642,0.2288955104707929,61.4611190507623,73.37799430914599,11.916875258383675,1,1,0,0,1,0.6722638776796559
49.83384511037285,0.20421206284459756,59.32116850260489,71.36577430823061,12.04460580562571,3,1,0,0,1,0.6495686351148129
60.475636789695166,0.1994788031460445,62.7063373426794,73.60513946883988,10.898802126160467,1,1,0,0,1,0.6193619062090183
45.34077898553904,0.2347521707125661,65.48533549397024,80.82764504071258,15.342309546742339,1,1,0,0,1,0.5717250566962933
74.55509880336706,0.2348221602560453,69.02606020774687,82.09719485063134,13.071134642884465,2,1,0,0,1,0.6562336665901498
46.188735000060646,0.1874921387304139,62.95414413484945,71.23623616151191,8.28209202666246,1,1,0,0,1,0.5962893279595389
67.08392839948011,0.2603539939953389,67.43193192381814,75.43468872592891,8.002756802110767,1,1,0,0,1,0.6308065777121126
54.68524589366079,0.2286883094441368,63.28037329866189,73.27199217928003,9.991618880618153,3,1,0,0,1,0.6575181142987536
62.51777785808453,0.23832536586856645,61.40989518627494,72.4375774280749,11.027682241799967,1,1,0,0,1,0.6246836775353528
72.206550170052,0.20536984962532928,62.52208538146641,72.33547919408093,9.813393812614503,1,1,0,0,1,0.6469067552924919
55.51450525820489,0.2228507598005138,62.056145403525676,74.69830272725059,12.642157323724913,2,1,0,0,1,0.6298484747283843
68.80180169525696,0.21690733863393352,59.536184131222804,70.60845552330314,11.072271392080332,2,1,0,0,1,0.6666223149148593
64.45407018078984,0.2124756303704333,59.197687913127886,69.17848941707852,9.980801503950627,1,1,0,0,1,0.6358878717888525
74.5628914207464,0.22105061503092546,62.93536440297346,72.26498142100031,9.329617018026854,1,1,0,0,1,0.6520429723290364
50.16447107123071,0.2108053317280278,65.32316891698079,76.75758725396123,11.43441833698044,2,1,0,0,1,0.6163014046369837
52.381528140609205,0.2211890142095671,59.89140808937057,70.43388837466198,10.542480285291397,1,1,0,0,1,0.6079238627603945
65.77772672707995,0.2353429459457979,63.71708044662576,76.0750421135561,12.357961666930336,1,1,0,0,1,0.6241188383424352
48.07331198579658,0.2485521178385437,62.49029493370056,72.75678792216084,10.266492988460302,2,1,0,0,1,0.619016939708265
58.65802863454116,0.18633974451823776,60.38471548495032,71.19252293028352,10.807807445333196,1,1,0,0,1,0.620178147622092
46.01014609997527,0.22836123219592136,64.92078965381991,75.91257321331395,10.991783559494019,2,1,0,0,1,0.6091256367714666
56.85243790848903,0.18184637759240804,65.07551950114939,77.9742635200782,12.8987440189288,2,1,0,0,1,0.6276027989441384
72.91689237046349,0.26586089561908605,68.03139328938154,79.7326519482813,11.701258658899764,1,1,0,0,1,0.6324150898057495
65.39686435008048,0.2128744662821774,57.848350835552985,69.99712847207823,12.148777636525235,1,1,0,0,1,0.6347089610570484
58.155077324399,0.2145181805140485,62.78036832595161,73.4641532948812,10.683784968929592,1,1,0,0,1,0.6146210857589964
42.71456271850882,0.2386227448982147,59.5873889250044,68.31569006857147,8.728301143567089,1,1,0,0,1,0.5927411115490557
60.11188643576355,0.232622050056393,69.46579678027561,78.52834582537915,9.062549045103546,3,1,0,0,1,0.6602864947700036
70.53193618279174,0.2431832501004177,67.23561408882513,77.6952471827235,10.459633093898393,2,1,0,0,1,0.6574510914185066
73.9308896630822,0.2417663598199861,58.938753505713,71.34930526139301,12.41055175568,1,1,0,0,1,0.6494239793744052
50.17702788745595,0.2125997146744678,75.91754847159955,89.26599967988535,13.348451208285802,3,1,0,0,1,0.6174457754285152
55.67491297852128,0.2456191396306608,57.97190610277219,68.64622010041225,10.67431399764008,1,1,0,0,1,0.6172072000764259
64.20722162885633,0.21069804140139453,69.57645234781249,82.5192033794938,12.942751031681302,3,1,0,0,1,0.6592624136371141
79.6503415604628,0.2199120604760584,57.77313582455677,66.75220753359145,8.979071709034676,1,1,0,0,1,0.6731182538026803
46.29887382819002,0.22345110612457647,62.68264572432631,74.45757999678437,11.77493427245806,1,1,0,0,1,0.5875032216592249
52.9883549577167,0.27252019959067564,62.96669034532009,72.0913167400702,9.12462639475012,2,1,0,0,1,0.6307833235034146
49.22130255042221,0.21327757412703072,57.41061782104775,69.36600373519104,11.955385914143285,2,1,0,0,1,0.6268437182025779
58.9332611928084,0.21714953697971712,58.41201149025067,69.99043037701746,11.578418886766794,1,1,0,0,1,0.621563900293195
55.04040043694972,0.2150186983043177,59.95003663125321,72.2948807393167,12.344844108063494,2,1,0,0,1,0.63350861324981
52.62463019444807,0.1985452193101899,67.54865369764087,77.71886599318357,10.170212295542699,3,1,0,0,1,0.6457572015753428
52.6507031349347,0.2048123191524384,63.830842705117924,72.60754941506924,8.776706709951307,1,1,0,0,1,0.6064274864521819
53.95014468304825,0.21708401480668765,64.13995908859559,74.6982644512063,10.558305362610717,1,1,0,0,1,0.6038281922334277
65.7775897268002,0.20445905677489487,61.7631789334353,73.1378433396853,11.374664406250007,1,1,0,0,1,0.6307569594341347
62.302438486845844,0.2188502584549438,60.35248035035889,71.46519010917685,11.112709758817957,1,1,0,0,1,0.6263189371142022
47.92349962019476,0.20600541208657505,68.6659148772079,81.42774721816771,12.761832340959812,3,1,0,0,1,0.6271150503767102
51.836236329995174,0.26076575112029243,63.383521881437645,75.31562546728878,11.932103585851134,3,1,0,0,1,0.6455539057060247
53.53850926387882,0.2205279413403317,63.70795443829122,74.91337247722986,11.205418038938642,1,1,0,0,1,0.6020340880427357
69.48964597070106,0.2271039684432013,59.94065029464985,69.9807803594352,10.040130064785354,1,1,0,0,1,0.6446834707682154
57.76637923920557,0.2445931482698048,64.23365789120476,75.49874738644698,11.265089495242224,1,1,0,0,1,0.6091448334621676
56.006335349711286,0.2239673649618338,61.730260126535434,75.08824845266349,13.357988326128071,1,1,0,0,1,0.6050770827273562
54.72973233840495,0.20623345464064854,65.8111087013005,76.92798755582423,11.116878854523726,1,1,0,0,1,0.6013788818143864
54.266052504398544,0.25657973987367466,57.26511979890986,67.84894025606506,10.583820457155216,1,1,0,0,1,0.6155022391735139
50.24001975027094,0.21005907925374215,61.05944788892122,72.38605380790307,11.326605918981848,1,1,0,0,1,0.5997745631175182
56.83511807072987,0.229988727152072,63.36953976496915,73.54084387723037,10.171304112261225,1,1,0,0,1,0.6118034494016618
56.50417263169789,0.2528728625145089,65.59270455178284,76.69516572214438,11.10246117036153,3,1,0,0,1,0.6538121656280835
76.15405127772705,0.2369810843766623,69.80397691449163,80.23660671865005,10.432629804158417,1,1,0,0,1,0.6399739826493804
46.19566991931932,0.2213297182041806,56.48561574979802,68.24541371789718,11.75979796809916,1,1,0,0,1,0.5980545281537155
56.336712284878644,0.22012245505824599,64.35753706099104,76.73684472515984,12.3793076641688,2,1,0,0,1,0.6282422163707895
58.44743524527946,0.2347085247445699,69.94069353267001,80.94531572473613,11.004622192066124,3,1,0,0,1,0.6508315002504537
71.64565917312544,0.21027625739063632,60.744624924041325,70.21143079729482,9.466805873253488,1,1,0,0,1,0.6496689566258564
77.83005416577895,0.2201793493429342,58.45572167448215,70.0077468108465,11.552025136364355,1,1,0,0,1,0.6612887955888678
65.45300717088368,0.19964275549850186,66.9703665826802,77.83126266386907,10.860896081188876,3,1,0,0,1,0.672292722834819
73.62269216936426,0.2414932446899153,67.44745179246848,79.31219713086554,11.864745338397055,2,1,0,0,1,0.660050337332134
69.13005544793114,0.21494585575937644,61.9147978542797,73.26061497198577,11.345817117706073,1,1,0,0,1,0.6373541326339041
66.26194571299777,0.21206823879994915,61.28393072304472,72.46433140357823,11.180400680533529,1,1,0,0,1,0.6329393338015714
66.08632393892292,0.20505101687967506,65.09508485984747,78.92165237707319,13.826567517225714,1,1,0,0,1,0.6193092234421249
56.886526702001746,0.2021459976515931,64.24175022589799,74.46812649265256,10.22637626675458,1,1,0,0,1,0.6108756874724639
64.95041662190751,0.22368351255966912,66.55237110474515,79.40897535358486,12.856604248839714,2,1,0,0,1,0.6411318849340097
49.47434138992432,0.2124480256247393,58.90457934741747,69.20043975645595,10.29586040903848,1,1,0,0,1,0.6044599892039664
62.36365052553626,0.2297180333561464,63.342506599286,74.65399522764002,11.311488628354034,2,1,0,0,1,0.64520868016157
59.49960913194572,0.250005160623939,61.45009504103085,74.69204006481105,13.241945023780213,1,1,0,0,1,0.6124849608863732
56.79389662356823,0.1897253273553896,66.07447939637409,75.07418433685021,8.999704940476132,1,1,0,0,1,0.6108543808531972
50.71546749862682,0.20327945153597196,63.297494230814756,75.2571023557618,11.95960812494704,2,1,0,0,1,0.6198340313724431
46.25239625318244,0.22491547434755246,68.51606921221219,78.575196893339,10.059127681126805,2,1,0,0,1,0.6057914632484176
49.066700804339476,0.2299003518024476,61.21442256987546,71.80816151200496,10.593738942129498,1,1,0,0,1,0.5984864872206517
38.203931480404776,0.23232985776490275,64.35260850757655,76.04312253055933,11.690514022982786,1,1,0,0,1,0.5682739237459622
69.18044717189412,0.21674291656032324,59.21660005213124,72.632248407154,13.415648355022734,1,1,0,0,1,0.6369067945659923
76.80765206185657,0.26644633493089465,59.25378800468953,70.09577409175715,10.841986087067607,3,1,0,0,1,0.7095224639041284
61.000452230183754,0.21632826323262005,68.73912722597026,81.20404268333375,12.46491545736349,1,1,0,0,1,0.6056035197476626
87.39839572351478,0.1731693278840472,59.701308416651536,70.64209264152505,10.940784224873498,1,1,0,0,1,0.6822542368999851
52.26794043537426,0.22618751903333065,62.66595619198666,74.40193263297945,11.735976440992784,1,1,0,0,1,0.5997759029995287
77.65307442526459,0.2089292262079234,65.86594071672548,78.81444941515312,12.948508698427654,2,1,0,0,1,0.6694470841302218
63.81599962059931,0.2556653437105625,64.74450916615298,75.86638959931778,11.121880433164806,1,1,0,0,1,0.6209028904852754
48.51564617399615,0.2377738259605426,60.87526721161111,73.37910926605373,12.50384205444262,1,1,0,0,1,0.5930094412117488
52.15340875173241,0.25195586677338866,63.72946827472538,73.57282934336062,9.843361068635238,2,1,0,0,1,0.6263333702753369
67.07789344837397,0.2374260352515735,66.38721214429864,77.06446379324413,10.677251648945472,2,1,0,0,1,0.6512068156246482
61.23628645986352,0.2492029301430321,61.939339161687954,73.8449756469989,11.90563648531095,1,1,0,0,1,0.6186193589131779
64.07224676586206,0.2365592191779839,59.20762363770679,70.58087894687348,11.373255309166698,1,1,0,0,1,0.6309708144700685
68.18970943006032,0.2302096613518904,56.77122886104063,67.43655878447603,10.665329923435404,1,1,0,0,1,0.6459025092259516
69.64577301696572,0.2173202051580192,65.34653851424545,75.49121554106871,10.144677026823254,1,1,0,0,1,0.6353770905563512
65.56391346713927,0.2393910482363383,63.1884557467494,75.2339058381247,12.045450091375313,1,1,0,0,1,0.6253032762190414
43.8041457177228,0.22370713551544424,64.99966059095773,75.82871943723256,10.829058846274831,1,1,0,0,1,0.5807947153206363
60.89592429959396,0.2328328286035388,65.25092893764011,77.06793627963837,11.817007341998256,1,1,0,0,1,0.6127176458020813
69.69571973147688,0.2359238359002044,68.49337568202147,79.94577885997266,11.452403177951187,2,1,0,0,1,0.651028178956413
60.58336514302493,0.23142531541720454,66.66467794658817,76.41132905675201,9.74665111016384,1,1,0,0,1,0.614850532540032
69.30756257185611,0.20255687480534834,57.578382328237346,68.99700004274443,11.418617714507096,1,1,0,0,1,0.6455246736538982
50.3828378752831,0.2230770931718516,59.24346653627872,71.32122951337746,12.077762977098727,1,1,0,0,1,0.6010447096736757
65.73652743396067,0.25276896797507964,61.25456235056244,70.8203413645694,9.56577901400696,1,1,0,0,1,0.6350825196019922
61.457451451790114,0.2373049917264835,61.51137897956632,74.08145448656934,12.570075507003036,3,1,0,0,1,0.6682583205973769
58.56382205814553,0.2806459573946942,63.636312265046165,75.79885665705245,12.16254439200629,1,1,0,0,1,0.6087687025069988
54.899665561884106,0.2537046475765094,61.690949509766185,72.18094776227923,10.489998252513036,1,1,0,0,1,0.6093941992464633
54.66719907709718,0.1841559626168381,66.31865877846879,76.74302822004672,10.424369441577944,1,1,0,0,1,0.6025954607307202
71.8801537757941,0.2750273743214665,59.99215526390257,70.21085846448682,10.218703200584251,2,1,0,0,1,0.6732696268957026
43.98653123777543,0.2401430939642389,65.89126757545435,76.7847941657823,10.893526590327948,2,1,0,0,1,0.6032510366295918
69.96965425509768,0.2313238864142113,64.99161589346062,77.86121601966155,12.869600126200915,3,1,0,0,1,0.6795988563006328
62.86588778025075,0.2494875272442047,63.189420384587535,73.83759760266915,10.64817721808163,1,1,0,0,1,0.6229929131725218
52.895313719102106,0.23644499641627598,65.79628363409921,75.65354163407069,9.85725799997148,2,1,0,0,1,0.6245626406448486
62.909413705103255,0.23751151293406503,56.396103181091654,68.31273653359558,11.916633352503922,2,1,0,0,1,0.6570330027291693
60.363644132865325,0.22031444649448853,63.21081129022922,73.72692012082742,10.516108830598187,1,1,0,0,1,0.6187432405158402
76.55874547041445,0.18820173556298947,64.65579494804219,73.81434272881391,9.158547780771713,1,1,0,0,1,0.6543985307789391
67.56988580796812,0.19321261165420686,70.5924230611068,84.21204501483214,13.619621953725336,1,1,0,0,1,0.6135628703619056
47.83392353544307,0.2330163015023927,55.569852012645825,65.61109429119352,10.041242278547694,1,1,0,0,1,0.6070505337179104
56.54230086384717,0.2046019722739414,69.30819487854329,84.31683204679094,15.008637168247645,1,1,0,0,1,0.5893966975036409
48.82133456882685,0.2109003360085976,65.5971708523882,76.78434807121162,11.187177218823418,1,1,0,0,1,0.5893725012284092
60.45247271374782,0.23143297863729506,57.50530951332171,68.80841332586796,11.303103812546249,1,1,0,0,1,0.6266984741008728
57.723777674680484,0.2132583996930803,62.90460344401482,73.70920762907423,10.804604185059418,1,1,0,0,1,0.6132347376743517
61.262874358527185,0.245028894295938,58.40054335644096,69.76318525156361,11.362641895122644,1,1,0,0,1,0.6263557117250831
39.25404910488269,0.1908247347530004,63.6802372426354,74.69157084028515,11.011333597649736,1,1,0,0,1,0.5741085133127226
75.01979535104155,0.21507909934050645,66.55294524711096,78.5141912487853,11.96124600167434,1,1,0,0,1,0.6399404910308655
59.143255975971286,0.2231550744903112,60.4186049808054,69.39922244296586,8.980617462160463,1,1,0,0,1,0.62492602515722
72.14725445256985,0.2092900111953556,65.67744258688589,78.37517523326123,12.69773264637534,1,1,0,0,1,0.6337064604150378
54.57930038777332,0.2374138046858682,64.3521774478965,75.9477988763487,11.595621428452215,1,1,0,0,1,0.6017046932485448
78.88091930244669,0.26083356798334584,65.42283662538287,76.99669035839634,11.573853733013479,2,1,0,0,1,0.6752643587197635
49.098470685761484,0.2274432207589481,62.384797387798045,72.00524881245461,9.620451424656556,2,1,0,0,1,0.623446831427489
70.74246397504278,0.2095934793305345,55.47822473870843,67.80728064254825,12.329055903839835,1,1,0,0,1,0.6497984389988134
56.48581369923228,0.19241749665203087,61.61877146456044,73.67374629455445,12.054974829994011,1,1,0,0,1,0.6102373153846341
59.25485818368828,0.21351648212723,66.24150201564632,75.50537510708766,9.263873091441328,1,1,0,0,1,0.6144566567773992
56.10975026711106,0.23514855898971004,71.37484288924938,85.01749350988524,13.64265062063585,3,1,0,0,1,0.6365701157505912
63.872591602559005,0.2320751577819533,65.90051171805513,76.9973566417222,11.09684492366708,1,1,0,0,1,0.6195900586163008
47.7156870134966,0.20993244456322946,65.0764456131772,74.80807104678239,9.731625433605187,3,1,0,0,1,0.6406644598246816
52.505328436838134,0.27891221046099185,57.13393129908928,69.85002335805386,12.716092058964582,2,1,0,0,1,0.6307723750991772
40.882147381082326,0.21178356778258128,60.8080555204465,70.83532042755624,10.027264907109736,1,1,0,0,1,0.5842800699099218
63.95399962330363,0.1881866004118869,68.10110328447362,80.93656187126818,12.83545858679456,1,1,0,0,1,0.6125127624533664
55.43225636175272,0.22287271812832649,57.40549004040268,69.85189421161375,12.446404171211071,1,1,0,0,1,0.6137360021973528
73.96153679409562,0.2347702702107915,69.13562309697106,82.04846482918845,12.912841732217366,1,1,0,0,1,0.6302738152843199
60.222376173929746,0.20797293776996534,61.98633897613521,71.83490083441713,9.848561858281936,1,1,0,0,1,0.6225638549213035
70.68371080164229,0.2406345207920517,62.35027055016982,73.5284737877573,11.178203237587486,1,1,0,0,1,0.6396918279604207
56.67145278182746,0.2282598483150809,59.97254703151136,70.91027858927083,10.937731557759466,2,1,0,0,1,0.6401892477785416
66.28760210533845,0.211959431209028,66.01192994136578,76.66220724945507,10.650277308089288,1,1,0,0,1,0.6260100704730656
71.58427830824735,0.20825833175294695,61.5013380432384,72.88215875433431,11.380820711095913,3,1,0,0,1,0.6939252993736076
67.55951463067932,0.22648585701541574,57.38904036625879,70.62679311892659,13.237752752667793,1,1,0,0,1,0.6369704111028462
61.129000981619825,0.19151085653343894,64.99441078969339,75.71684802681814,10.722437237124767,1,1,0,0,1,0.6173384098815893
88.68066976663347,0.2078328548259129,67.1913575000722,79.80995783381194,12.618600333739733,1,1,0,0,1,0.6662496355760086
60.91804638519614,0.2597049593226388,68.54249246475261,79.93874654349705,11.396254078744436,1,1,0,0,1,0.6074854064404063
52.83693438311172,0.2473474773760281,59.07354805211168,69.23077015430329,10.157222102191618,1,1,0,0,1,0.6106699328314924
33.3157904431821,0.20141505768921605,62.361170418621676,75.57277049419825,13.211600075576587,3,1,0,0,1,0.6067988906233337
83.63428032017434,0.2414430491678411,58.345279405245435,67.59849757061902,9.253218165373584,1,1,0,0,1,0.6794309200692785
51.951599876580474,0.2075846007291945,60.454865330775995,70.44317177036334,9.988306439587351,1,1,0,0,1,0.6077525539995103
92.66666563998243,0.19970491232341134,59.245036738235065,70.95739927668845,11.712362538453393,1,1,0,0,1,0.6918370820107138
53.363093542612106,0.2164585110479063,60.43776852751953,70.8619841576668,10.424215630147264,3,1,0,0,1,0.6589660486529048
42.52356650743556,0.2069028738569611,59.44431212493123,70.7402993117654,11.29598718683418,1,1,0,0,1,0.586926140322841
65.10175845380638,0.2256112724037031,62.24564014025779,74.27420930735924,12.028569167101455,2,1,0,0,1,0.6512049355719038
55.792572846152865,0.16789232214636296,64.38159998666477,76.61136123985116,12.229761253186384,1,1,0,0,1,0.6041144068426663
48.90670729824063,0.21486451814157725,62.30492440826278,72.10211241517615,9.797188006913384,1,1,0,0,1,0.5985953463680243
69.81901741810378,0.2407011420051431,59.75749018366994,70.91444828338142,11.156958099711472,1,1,0,0,1,0.6425265842827059
43.96026761391658,0.21598661001714367,56.96819317391841,67.89923171419105,10.931038540272642,1,1,0,0,1,0.594825865480479
57.99346601059138,0.19587499788811452,68.08024471780233,80.86813378939135,12.787889071589055,2,1,0,0,1,0.6246621089421078
81.0495582997775,0.22421463865096208,61.37917061265947,71.20828124039981,9.829110627740334,1,1,0,0,1,0.6672853167207744
45.59199880140775,0.2120242101730984,64.12725908921239,74.46915628425539,10.341897195042998,1,1,0,0,1,0.5873868781425986
76.27199094505869,0.20902656076808887,62.98391039690046,73.1562731002234,10.17236270332294,2,1,0,0,1,0.6789539327949443
70.53158794663145,0.219570212831182,65.2022396227796,74.704171497325,9.501931874545402,1,1,0,0,1,0.6390855867460827
58.62123469148053,0.2597636754431786,62.60225274267064,73.56366518343644,10.961412440765807,2,1,0,0,1,0.6388477167426403
52.1509841815697,0.21460793322173186,66.16128606623805,76.44398560170514,10.282699535467092,1,1,0,0,1,0.5973765991791682
73.1535535501121,0.242334528376544,64.59761667743608,75.58737013852594,10.989753461089848,1,1,0,0,1,0.6413472470243455
57.75872933969775,0.1644738341378106,61.19758293366562,72.01467956306796,10.817096629402345,1,1,0,0,1,0.6173559756077567
69.05809219299502,0.22381387120883384,65.4020197224003,76.81321483622294,11.411195113822643,1,1,0,0,1,0.6306705316931833
55.3176431730678,0.205901497579035,65.6750205781767,78.97618842690427,13.30116784872756,1,1,0,0,1,0.5973738919581222
60.8083358106046,0.2448301730833385,68.80473404180836,80.99558776452197,12.190853722713616,1,1,0,0,1,0.605143469037212
39.35058659684722,0.249772177760886,65.7513518818612,75.57991973789873,9.828567856037534,1,1,0,0,1,0.5723923326932423
54.364311426963894,0.2674197074389095,60.408276203227025,72.62517421303552,12.216898009808506,1,1,0,0,1,0.6058786615788827
35.94088606576646,0.1953674125039901,59.24933388289686,70.89803873193699,11.648704849040113,1,1,0,0,1,0.5732947485077742
60.14841991572285,0.2201026244971108,59.62004505255268,70.98461271618825,11.364567663635574,1,1,0,0,1,0.6224485553555097
52.394056586275596,0.2291648338820774,67.22075408413346,80.1986902632591,12.977936179125642,1,1,0,0,1,0.5890201673572302
60.918113387539044,0.2654204701445653,58.49624950626037,72.78641707413023,14.290167567869856,2,1,0,0,1,0.642314761153796
55.76545176100464,0.2442805070813607,64.52963404386,77.30141198188699,12.771777938027,1,1,0,0,1,0.6007411501812914
71.50268995630495,0.18662840241162326,66.84885798163612,75.54218545949759,8.693327477861494,1,1,0,0,1,0.6410311598540226
45.62039168743224,0.22059595610830848,62.2226656767511,72.45299359354863,10.230327916797526,1,1,0,0,1,0.5908059529041623
68.67427549417752,0.22263224668486506,67.22938220445371,79.50963891564909,12.280256711195404,1,1,0,0,1,0.6244698310607961
64.66945582914124,0.2212447060631344,65.75119894055675,76.05469202551211,10.303493084955358,3,1,0,0,1,0.6737695760188775
76.01946561018666,0.21317746900182585,67.98121396736771,79.8495203317502,11.868306364382509,1,1,0,0,1,0.6397919995884671
52.53472345563664,0.21120087616171385,63.99627495540698,76.2752528165184,12.278977861111429,3,1,0,0,1,0.6461830333061231
59.781339161575154,0.2539068112966842,64.01920161598377,75.07196049994471,11.052758883960953,1,1,0,0,1,0.6140112579106021
55.92101648498499,0.1966926868355736,64.293289420668,75.32032182866568,11.027032407997675,1,1,0,0,1,0.6069033828763326
54.8307136733021,0.19293804666189504,60.504888171355226,69.66875386302601,9.163865691670779,1,1,0,0,1,0.6160247023228564
57.920191082319256,0.23679737969019665,65.055521382572,76.46129927765321,11.405777895081199,1,1,0,0,1,0.6078535885701843
72.56525238647261,0.2062088971431253,67.86219228007113,81.09016724585922,13.227974965788091,3,1,0,0,1,0.6796256553233655
65.36074206837641,0.1757150807438069,61.02921176696477,71.35844834236933,10.329236575404568,2,1,0,0,1,0.6594756785769633
60.64807296445402,0.247900617201012,60.223107347757356,71.53914945522091,11.316042107463545,1,1,0,0,1,0.6219253417348991
71.54268412436375,0.2123216231331699,68.0508509681019,79.78666517654554,11.735814208443653,3,1,0,0,1,0.6808493006114194
71.23207910125286,0.20215017429802898,69.56021615431408,82.68179854703412,13.121582392720034,1,1,0,0,1,0.6240357564828052
37.92158845342861,0.2314909276206688,60.820913943766044,73.10289630372868,12.281982359962644,1,1,0,0,1,0.5722723668179286
66.81509499750999,0.2088365164423377,62.18859373958743,75.06851039499001,12.879916655402587,2,1,0,0,1,0.6531295051255421
69.8380644266584,0.232348889608348,57.68639400908278,66.99576310389112,9.309369094808345,1,1,0,0,1,0.6511988323610534
54.11974149153286,0.2334947880472221,57.66106870475253,70.36891861353169,12.70784990877915,2,1,0,0,1,0.6342774008514382
66.49385461387465,0.18821525341654904,61.0929376404371,73.16911164948074,12.076174009043653,1,1,0,0,1,0.6320215934319988
47.332507939573965,0.2152597721967701,60.72973670234735,72.01546328749042,11.285726585143061,2,1,0,0,1,0.618735443315303
74.36665832795664,0.2477829575341648,63.68410664153844,74.6206296737375,10.936523032199064,1,1,0,0,1,0.6455417345768732
78.35810738003558,0.21436783649205413,63.49071560066138,75.27398094060055,11.783265339939167,1,1,0,0,1,0.6529218585935306
62.81804688936949,0.2297864121176906,61.18958733624181,71.49211727557292,10.302529939331112,2,1,0,0,1,0.6526064598248886
69.72092326159421,0.26448810607447004,61.53596624347805,73.46507623547436,11.929109991996304,1,1,0,0,1,0.6366459405557632
52.040335905341436,0.22021784089876975,56.43941149283183,66.08295963515798,9.643548142326145,1,1,0,0,1,0.6155206457949869
68.58800285033674,0.2394023703341997,64.66782925328971,76.10849041729867,11.440661164008961,1,1,0,0,1,0.6305528534590221
49.47318146385882,0.2329726508952903,64.9103403658884,75.53522587839599,10.624885512507602,3,1,0,0,1,0.6418454580919499
57.682470147880714,0.24492163529350214,68.29443470867182,78.69353078985712,10.399096081185306,1,1,0,0,1,0.6040792386868952
40.24853988029561,0.2166726859517384,60.274775209362964,74.07204827845716,13.797273069094198,1,1,0,0,1,0.5745027107798508
60.03912977584782,0.2013105749996771,53.8884089502481,64.90541874079732,11.017009790549231,1,1,0,0,1,0.6336240502372608
65.98386570345691,0.2106874891728964,67.29689947369548,77.33293124035391,10.036031766658418,2,1,0,0,1,0.6495324858311669
64.39771988903183,0.20423665384724696,59.49488823028905,68.18253009281005,8.687641862521001,1,1,0,0,1,0.6387367806729287
85.50561852198695,0.2553167969289959,60.793922925236636,70.38545555775877,9.591532632522147,1,1,0,0,1,0.6778047396843287
60.9090278530016,0.21550571590177106,56.6944394364806,66.92761279045698,10.233173353976381,1,1,0,0,1,0.6321659250250846
76.04434953061562,0.25957053585843004,61.738391604762136,75.8302957036381,14.091904098875988,1,1,0,0,1,0.6441716630208472
80.67815745207419,0.2400917557487384,60.58074524206497,71.2584707841859,10.677725542120921,2,1,0,0,1,0.6908028898439795
75.07735729633539,0.251436042799214,63.35288749211443,76.7144126273962,13.361525135281786,1,1,0,0,1,0.641323428439984
54.32922108210642,0.2362529529354163,70.60931567827393,84.72903551008916,14.119719831815233,3,1,0,0,1,0.6329456309507464
60.986417521820925,0.23275123691814806,63.98039660360188,76.69471384187847,12.714317238276589,2,1,0,0,1,0.6375106539557083
68.08859049385808,0.20935013653916584,59.16477216622694,71.2028266999932,12.038054533766275,1,1,0,0,1,0.6383949345198532
51.942378328176616,0.22468065419777072,64.09193917657778,77.51842406661821,13.426484890040426,1,1,0,0,1,0.592467491567811
47.97275178443431,0.1991328384608277,58.64978563178311,67.467243826972,8.81745819518888,2,1,0,0,1,0.6303510192270905
58.536676412300174,0.2521338926045889,63.61877215660222,73.90436199077322,10.285589834171004,1,1,0,0,1,0.6141054521725424
58.047987018811426,0.2255191637677749,67.75540289376244,78.07242033707846,10.317017443316017,2,1,0,0,1,0.6309558396373696
71.33257462801039,0.22580831784668084,57.64441384086889,68.18712673049482,10.542712889625934,1,1,0,0,1,0.6514115038974642
55.43589471629714,0.20592667076434648,55.32940273284667,68.01302861597077,12.683625883124089,1,1,0,0,1,0.6171545148071185
63.78866968982678,0.1770281707904889,63.34414463065824,73.88178258492933,10.537637954271082,1,1,0,0,1,0.626565164501854
49.87961466982957,0.20455271690454652,66.35465769150747,78.21484983747227,11.860192145964804,1,1,0,0,1,0.588699226283393
48.63573481893214,0.2037568013077405,63.824706657718274,75.31494402080517,11.490237363086909,1,1,0,0,1,0.5914488132362379
70.95577380910203,0.2202068433887183,56.866787157886286,66.85737360835087,9.990586450464574,1,1,0,0,1,0.6535559681401577
52.74380288473069,0.23465085309027456,62.13386248326994,73.08276541311973,10.948902929849789,2,1,0,0,1,0.6279582903860301
45.88975715239891,0.2618201066022696,63.22213540649183,75.9467839093423,12.724648502850487,1,1,0,0,1,0.5825486907498472
72.77466290142542,0.21923597280876791,67.25328796448295,77.15167490702723,9.898386942544269,1,1,0,0,1,0.6391601790338728
59.109064364517934,0.1621228012007405,64.27207711643543,74.25467963813902,9.982602521703578,1,1,0,0,1,0.6169399029894385
67.99931363239769,0.2449953714883055,65.73328677106713,76.96163786375071,11.228351092683596,2,1,0,0,1,0.6527332557709442
57.8897805255641,0.2258558682305436,65.957629966698,78.09609593922565,12.13846597252765,2,1,0,0,1,0.6291516159891031
45.109395823323965,0.22734934337688364,63.12359746166028,72.55150438848786,9.427906926827582,1,1,0,0,1,0.5900559354701214
82.03432861320745,0.19236323691157664,63.101450114388115,71.81840231269477,8.716952198306647,1,1,0,0,1,0.6699229475917965
65.84866586303926,0.2103235983422712,58.77052085921323,70.7969862971848,12.026465437971561,1,1,0,0,1,0.6343963282357217
53.99003915004077,0.279467272429953,64.84914095033132,76.14954594793073,11.30040499759942,1,1,0,0,1,0.5994341691944329
76.2061810877287,0.23580004268103785,60.7061713125187,71.80637155442312,11.100200241904423,1,1,0,0,1,0.6546063829621547
72.17805251037142,0.2019870232579098,69.2072752246861,80.42510367829951,11.217828453613393,1,1,0,0,1,0.6314753727869724
38.097761828960685,0.22342918332031791,63.6452445051071,74.69811413429034,11.052869629183256,2,1,0,0,1,0.5950257397568908
61.98633687737646,0.20813399322441525,61.15794842553286,71.9607300328811,10.802781607348228,1,1,0,0,1,0.6252721799994041
63.29737225669275,0.1786221669458588,63.10594435705917,73.42789480479243,10.321950447733279,1,1,0,0,1,0.6264704049089309
61.064359395388756,0.19719543009320364,59.20314446723479,68.54304434984381,9.339899882609012,1,1,0,0,1,0.63075506913985
67.33633488664815,0.1915681537427616,62.613979818737576,73.02771613466264,10.413736315925064,2,1,0,0,1,0.660252944359242
79.80946384096141,0.19419634733059368,65.270924416421,78.25454595623314,12.983621539812155,1,1,0,0,1,0.6501861709871684
56.465478334606026,0.20271763148849534,56.63844494001097,67.62693362652958,10.98848868651861,1,1,0,0,1,0.6213590741184987
59.5038912853279,0.21930733295060825,66.07456859437855,77.9714081105693,11.896839516190731,3,1,0,0,1,0.6580439776928515
56.45219669327045,0.2316618080815621,59.16107502412965,68.10667704032745,8.945602016197816,1,1,0,0,1,0.6214248768019828
67.59907111028718,0.2280472774292095,62.00710004734324,72.99797021487943,10.990870167536187,1,1,0,0,1,0.634584621720486
66.42541351620129,0.25168823988274336,66.1377920321543,77.70477347907546,11.566981446921156,2,1,0,0,1,0.6476517364388823
48.838803132154986,0.1945414864097191,59.382629165283,68.55775499333735,9.175125828054354,1,1,0,0,1,0.6055297025208695
54.836717296322135,0.24229348636631756,59.7693716668131,72.61347240072966,12.844100733916573,1,1,0,0,1,0.6069518471969351
49.50975732414873,0.2199394786140841,65.29671797975733,77.82990123844813,12.533183258690777,2,1,0,0,1,0.6120168423284149
59.54061100905161,0.2032077931468584,61.86793006089244,72.79711560681028,10.92918554591784,2,1,0,0,1,0.6434630001002297
77.79783628058621,0.25048770464830555,66.02369364248248,78.24936663965444,12.225672997171955,1,1,0,0,1,0.6452488249373425
62.6415012415711,0.2128658863448203,69.31518651037635,80.04654493629384,10.731358425917504,1,1,0,0,1,0.612422099066108
56.504037132758036,0.1934593897965386,60.08494363408415,69.6436380917416,9.558694457657444,1,1,0,0,1,0.6192243510763749
64.47515479965382,0.23391771096925376,66.9544197468659,80.52126208463764,13.566842337771742,2,1,0,0,1,0.6373676745140637
55.51492603498278,0.21120831192073847,70.01955754066482,81.33779602388178,11.318238483216966,3,1,0,0,1,0.644223158798485
70.29192650947212,0.15534285093165032,60.95817337424166,72.00790077556452,11.04972740132285,1,1,0,0,1,0.6436180205739217
64.45348464085383,0.181305214489602,66.99685446514421,78.66235729643897,11.66550283129474,3,1,0,0,1,0.6684304304324851
58.2176990306889,0.2557098978322518,66.84232469390082,80.04702910743917,13.204704413538346,3,1,0,0,1,0.649724693076728
54.407920286319616,0.22823213284488544,70.59407155421707,83.56128492512622,12.967213370909148,1,1,0,0,1,0.5873764482631545
